"","Kingdom","Phylum","Class","Order","Family","Genus","Species"
"f01167cfcdeab9665a07bcb664e714e9","d__Bacteria","Bacteroidota","Bacteroidia","Bacteroidales","Bacteroidaceae","Bacteroides","Bacteroides_stercoris"
"eae0738ba858df2d22433de0913bc58c","d__Bacteria","Bacteroidota","Bacteroidia","Bacteroidales","Bacteroidaceae","Bacteroides",NA
"b167ad9fdf6c2158e6e90d7756049242","d__Bacteria","Firmicutes","Clostridia","Oscillospirales","Ruminococcaceae","Faecalibacterium",NA
"29a9aad667398c46822290d2f9a4bed6","d__Bacteria","Bacteroidota","Bacteroidia","Bacteroidales","Bacteroidaceae","Bacteroides","Bacteroides_massiliensis"
"c5c368fa5d36912d8a01dbdf80cf9aea","d__Bacteria","Firmicutes","Clostridia","Oscillospirales","Ruminococcaceae","Subdoligranulum",NA
"11b6e085e506436abb45e998147d138a","d__Bacteria","Firmicutes","Clostridia","Oscillospirales","Ruminococcaceae","Faecalibacterium",NA
"6c91b03edc155703d03eca97c5a2597b","d__Bacteria","Bacteroidota","Bacteroidia","Bacteroidales","Prevotellaceae","Prevotella",NA
"673cdcc11571eff632f9639adc4aa4b2","d__Bacteria","Firmicutes","Clostridia","Christensenellales","Christensenellaceae","Christensenellaceae_R-7_group",NA
"499c26dbde4691c9dd12aa4400bce7be","d__Bacteria","Bacteroidota","Bacteroidia","Bacteroidales","Bacteroidaceae","Bacteroides",NA
"7a788fd4ad85a44927663c33ca823af9","d__Bacteria","Firmicutes","Clostridia","Oscillospirales","Ruminococcaceae","Ruminococcus","Ruminococcus_bicirculans"
"8622987ddfa6f1a7d9909f49018cb1f1","d__Bacteria","Firmicutes","Clostridia","Lachnospirales","Lachnospiraceae","Blautia",NA
"5c4c361695cb59f119cdf583d315aee9","d__Bacteria","Firmicutes","Clostridia","Oscillospirales","Ruminococcaceae","Faecalibacterium",NA
"5743f98d73beef7333f75b4a06355a05","d__Bacteria","Bacteroidota","Bacteroidia","Bacteroidales","Bacteroidaceae","Bacteroides","Bacteroides_plebeius"
"bad5797a61879ba862a8f626a87d1b17","d__Bacteria","Firmicutes","Clostridia","Lachnospirales","Lachnospiraceae","Lachnospiraceae_NK4A136_group",NA
"4d1dd1ab6d69c263ce76517dcdfaf4a9","d__Bacteria","Bacteroidota","Bacteroidia","Bacteroidales","Bacteroidaceae","Bacteroides",NA
"9b119c3c0fa910deca32fd7571866de7","d__Bacteria","Firmicutes","Bacilli","Erysipelotrichales","Erysipelatoclostridiaceae","Catenibacterium",NA
"a8950ea716619e3682e2a34473e5adc7","d__Bacteria","Firmicutes","Clostridia","Lachnospirales","Lachnospiraceae","Agathobacter",NA
"98be5346ef1749fd281504e99abf8548","d__Bacteria","Bacteroidota","Bacteroidia","Bacteroidales","Rikenellaceae","Alistipes",NA
"46e8089f9df0f7a608bcbf5fc3084648","d__Bacteria","Firmicutes","Clostridia","Lachnospirales","Lachnospiraceae","Lachnospiraceae_NK4A136_group",NA
"d963b59f19db6517a9f26908f684545d","d__Bacteria","Proteobacteria","Gammaproteobacteria","Enterobacterales","Enterobacteriaceae",NA,NA
"17f016e3298748a0eb03b67eb9267a19","d__Bacteria","Proteobacteria","Gammaproteobacteria","Enterobacterales","Enterobacteriaceae","Escherichia-Shigella",NA
"fbd24a58a73dc247aa8bd2e8ab4f1bb2","d__Bacteria","Proteobacteria","Gammaproteobacteria","Aeromonadales","Succinivibrionaceae","Succinivibrio",NA
"4d4e84214dfdd2547dd11b167fb4f1dd","d__Bacteria","Firmicutes","Clostridia","Oscillospirales","Ruminococcaceae","CAG-352",NA
"836b74915e12f96682e46e9e8eb909b5","d__Bacteria","Bacteroidota","Bacteroidia","Bacteroidales","Prevotellaceae","Prevotella",NA
"e3fa90c670b3e7c3588c760c08c991b7","d__Bacteria","Firmicutes","Clostridia","Lachnospirales","Lachnospiraceae","Coprococcus",NA
"e6e736770ba0182e08607e5032536759","d__Bacteria","Firmicutes","Clostridia","Lachnospirales","Lachnospiraceae","Dorea",NA
"bc1326214ab2638d0f63fc58ff411b33","d__Bacteria","Firmicutes","Clostridia","Lachnospirales","Lachnospiraceae","[Eubacterium]_ruminantium_group","uncultured_bacterium"
"6eb3f747505b027607654373c88891d2","d__Bacteria","Firmicutes","Clostridia","Peptostreptococcales-Tissierellales","Peptostreptococcaceae","Romboutsia",NA
"5a6289b8068d8b7722dafb10cc3d0b76","d__Bacteria","Firmicutes","Clostridia","Oscillospirales","Ruminococcaceae","Subdoligranulum",NA
"004ca9d14962355f711fea88ca840425","d__Bacteria","Firmicutes","Clostridia","Lachnospirales","Lachnospiraceae",NA,NA
"1d3c676d5555d4b2aa01154ec1d44206","d__Bacteria","Firmicutes","Clostridia","Oscillospirales","Ruminococcaceae",NA,NA
"1de8a8bc685293bc92fccfd080dd1a64","d__Bacteria","Firmicutes","Clostridia","Lachnospirales","Lachnospiraceae","Blautia",NA
"bc71b2ce4d24111d6991b7a90e629418","d__Bacteria","Firmicutes","Clostridia","Lachnospirales","Lachnospiraceae","Roseburia",NA
"a4546f79ebf09835b8d436dbcee45a5d","d__Bacteria","Firmicutes","Clostridia","Lachnospirales","Lachnospiraceae","Blautia",NA
"d3ad1d89be0ec080dee21dc5283fcbe9","d__Bacteria","Bacteroidota","Bacteroidia","Bacteroidales","Bacteroidaceae","Bacteroides",NA
"8b7cd55d5449f3c0aa282f514ca5995b","d__Bacteria","Firmicutes","Clostridia","Lachnospirales","Lachnospiraceae","Fusicatenibacter",NA
"ed8e1240eb554ecf417abfbb4dd0b542","d__Bacteria","Firmicutes","Clostridia","Lachnospirales","Lachnospiraceae","[Eubacterium]_hallii_group",NA
"c0ded757054b102cc0c618885868378f","d__Bacteria","Firmicutes","Clostridia","Lachnospirales","Lachnospiraceae","Lachnospiraceae_UCG-001",NA
"df1ce85ab323b711ebe3aaee27b258ae","d__Bacteria","Firmicutes","Clostridia","Lachnospirales","Lachnospiraceae","[Eubacterium]_hallii_group",NA
"ce9971dffb3ebc93e8d44e62e3c50e14","d__Bacteria","Bacteroidota","Bacteroidia","Bacteroidales","Prevotellaceae","Prevotella",NA
"368a4fb93cc88e2ed88623deaa5b46b8","d__Bacteria","Firmicutes","Clostridia","Oscillospirales","Ruminococcaceae","Ruminococcus",NA
"c15fa5c264d2420ced7f417314f350ab","d__Bacteria","Firmicutes","Clostridia","Lachnospirales","Lachnospiraceae",NA,NA
"d01e3f750fadfac2642cfc6c9233d021","d__Bacteria","Firmicutes","Clostridia","Lachnospirales","Lachnospiraceae","Lachnospira",NA
"a04a11b72b931e796ed97a673ee3b8f7","d__Bacteria","Firmicutes","Clostridia","Clostridiales","Clostridiaceae","Clostridium_sensu_stricto_1",NA
"fe4c45af45a1ced6777398479ca5025b","d__Bacteria","Bacteroidota","Bacteroidia","Bacteroidales","Bacteroidaceae","Bacteroides",NA
"0d4308a6c5651f024209d99da9d092f5","d__Bacteria","Verrucomicrobiota","Verrucomicrobiae","Verrucomicrobiales","Akkermansiaceae","Akkermansia",NA
"068882782bc1bcc841a6058533ef2040","d__Bacteria","Firmicutes","Clostridia","Oscillospirales","Ruminococcaceae","Faecalibacterium",NA
"d173e3eb5ae43069f02e699f35d72238","d__Bacteria","Bacteroidota","Bacteroidia","Bacteroidales","Tannerellaceae","Parabacteroides","Parabacteroides_merdae"
"d779a3b2fa3b175317dfe3591225354a","d__Bacteria","Firmicutes","Clostridia","Lachnospirales","Lachnospiraceae","Lachnospira",NA
"e9c1d1a4a254dbd823b736a6d7f5079a","d__Bacteria","Bacteroidota","Bacteroidia","Bacteroidales","Prevotellaceae","Prevotella","Prevotella_stercorea"
"08be7ee7e2c933c064e9d7586f7c00aa","d__Bacteria","Firmicutes","Clostridia","Monoglobales","Monoglobaceae","Monoglobus",NA
"32ad00db5700d0a04654a84eed1b4c76","d__Bacteria","Firmicutes","Clostridia","Oscillospirales","Oscillospiraceae","UCG-002","uncultured_organism"
"ed93c7b4d801fcb9f9f0c4c32624fa8f","d__Bacteria","Bacteroidota","Bacteroidia","Bacteroidales","Bacteroidaceae","Bacteroides","Bacteroides_plebeius"
"1c7f6704d2656cd97c59fe332c421d36","d__Bacteria","Firmicutes","Clostridia","Lachnospirales","Lachnospiraceae","Roseburia",NA
"0c443b081fb69d6f88d60364eac4d5d3","d__Bacteria","Actinobacteriota","Actinobacteria","Bifidobacteriales","Bifidobacteriaceae","Bifidobacterium",NA
"433a0d1e9a59e345f87b857efbd6c62f","d__Bacteria","Bacteroidota","Bacteroidia","Bacteroidales","Prevotellaceae","Paraprevotella",NA
"fc9eb1f00856480534aa837ca362656e","d__Bacteria","Firmicutes","Clostridia","Lachnospirales","Lachnospiraceae","Blautia","Blautia_faecis"
"a046007bb4a0ce2b32bb1c4dd6ee867b","d__Bacteria","Bacteroidota","Bacteroidia","Bacteroidales","Bacteroidaceae","Bacteroides",NA
"35d6e8016653cf59aefb5ab6ad2d2cf8","d__Bacteria","Firmicutes","Clostridia","Oscillospirales","Ruminococcaceae","[Eubacterium]_siraeum_group",NA
"ba4ef1fb0ba117b6a045541fc553be6f","d__Bacteria","Firmicutes","Clostridia","Lachnospirales","Lachnospiraceae","Lachnospiraceae_UCG-001","Lachnospiraceae_bacterium"
"f0d3ad42c3754a9af2c18ab6f102bb28","d__Bacteria","Proteobacteria","Gammaproteobacteria","Burkholderiales","Sutterellaceae","Parasutterella",NA
"226097bd7a1661a286a3b62d1c1f0e3a","d__Bacteria","Verrucomicrobiota","Verrucomicrobiae","Verrucomicrobiales","Akkermansiaceae","Akkermansia",NA
"44032c281fd07bb43e90cb6ca1cfad2e","d__Bacteria","Proteobacteria","Gammaproteobacteria","Burkholderiales","Sutterellaceae","Sutterella",NA
"df5f8e6f57731f52381392871de418d1","d__Bacteria","Bacteroidota","Bacteroidia","Bacteroidales","Bacteroidaceae","Bacteroides",NA
"e0b12a002f66a631d7db3322d42f4d6a","d__Bacteria","Firmicutes","Bacilli","Erysipelotrichales","Erysipelatoclostridiaceae","Erysipelotrichaceae_UCG-003",NA
"0db5d53458bf68ab4f3ca669bff9b5f3","d__Bacteria","Actinobacteriota","Actinobacteria","Bifidobacteriales","Bifidobacteriaceae","Bifidobacterium",NA
"a5b412c80c0409d344def7b47bd83821","d__Bacteria","Firmicutes","Clostridia","Oscillospirales","Oscillospiraceae","UCG-005","uncultured_organism"
"7fca37e4e8e94eadce3b68ea6b31be77","d__Bacteria","Bacteroidota","Bacteroidia","Bacteroidales","Bacteroidaceae","Bacteroides","Bacteroides_plebeius"
"9e0cf2990d3c1b967f22b595403e1578","d__Bacteria","Firmicutes","Clostridia","Lachnospirales","Lachnospiraceae","Anaerostipes",NA
"ca3443e661e5449316a88cdc505f6506","d__Bacteria","Firmicutes","Clostridia","Lachnospirales","Lachnospiraceae","[Ruminococcus]_torques_group",NA
"e1aebe7c9c9145642a671f69b44ec69c","d__Bacteria","Firmicutes","Clostridia","Oscillospirales","Oscillospiraceae","UCG-002",NA
"2e60a2b63ef994fe9a9f8de5efe538c2","d__Bacteria","Firmicutes","Bacilli","Lactobacillales","Streptococcaceae","Streptococcus",NA
"dda4ffcaa0f0152f815fb83b3964f0c0","d__Bacteria","Firmicutes","Clostridia","Lachnospirales","Lachnospiraceae",NA,NA
"f32d3aae7b61b9034d192794f30bdd28","d__Bacteria","Firmicutes","Clostridia","Lachnospirales","Lachnospiraceae","[Eubacterium]_ventriosum_group","uncultured_Lachnospiraceae"
"23f2efb78b7f6c9aff864c54df3e9f9a","d__Bacteria","Firmicutes","Clostridia","Lachnospirales","Lachnospiraceae","Lachnoclostridium",NA
"3f8c83534cd95e430ee64a4f966169fb","d__Bacteria","Firmicutes","Clostridia","Oscillospirales","Ruminococcaceae","Ruminococcus",NA
"494e7cb040a86bd3d91e7066a86d06d0","d__Archaea","Euryarchaeota","Methanobacteria","Methanobacteriales","Methanobacteriaceae","Methanobrevibacter",NA
"50935370327b2c7621fb3bf842aff307","d__Bacteria","Bacteroidota","Bacteroidia","Bacteroidales","Bacteroidaceae","Bacteroides",NA
"7aa47d031d30f937cc5283b98f32f344","d__Bacteria","Firmicutes","Clostridia","Lachnospirales","Lachnospiraceae","Lachnospiraceae_NK4A136_group",NA
"795afb2dc8981e9f33fdc2243dd67c11","d__Bacteria","Firmicutes","Clostridia","Lachnospirales","Lachnospiraceae","Lachnospira",NA
"42bf0230501446f0ac41a1cfa733a019","d__Bacteria","Bacteroidota","Bacteroidia","Bacteroidales","Rikenellaceae","Alistipes",NA
"f221f8076616963818a94ba26d64e786","d__Bacteria","Firmicutes","Clostridia","Oscillospirales","Ruminococcaceae","Incertae_Sedis",NA
"f2f5de6ed76bb0723cf1b61219904050","d__Bacteria","Firmicutes","Clostridia","Lachnospirales","Lachnospiraceae",NA,NA
"65654770a942b3ed73ed3001ce78e695","d__Bacteria","Firmicutes","Negativicutes","Acidaminococcales","Acidaminococcaceae","Phascolarctobacterium",NA
"7f47e44138ceed006ea492d8464f8637","d__Bacteria","Firmicutes","Clostridia","Oscillospirales","Oscillospiraceae","UCG-005",NA
"d2e384899f80cca5ef1896eab0c862ee","d__Bacteria","Bacteroidota","Bacteroidia","Bacteroidales","Prevotellaceae","Prevotella",NA
"5b9a6dbfc952e746732fc2d8d850487d","d__Bacteria","Proteobacteria","Gammaproteobacteria","Pasteurellales","Pasteurellaceae",NA,NA
"25e66412d5d3929fdd2e88b4a4affff2","d__Bacteria","Bacteroidota","Bacteroidia","Bacteroidales","Bacteroidaceae","Bacteroides",NA
"eedfcf07c3604960f7f54e17d4d170ba","d__Bacteria","Bacteroidota","Bacteroidia","Bacteroidales","Prevotellaceae","Prevotella","Massiliprevotella_massiliensis"
"cec58b5ab062695f1f163c48964d2ff1","d__Bacteria","Firmicutes","Clostridia","Lachnospirales","Lachnospiraceae","Lachnospira",NA
"62d8d67e8095731d106fa6f30180041b","d__Bacteria","Firmicutes","Clostridia","Lachnospirales","Lachnospiraceae",NA,NA
"39fbbdb269c209c5405e7fc70d2a0ec9","d__Bacteria","Firmicutes","Clostridia","Lachnospirales","Lachnospiraceae","Agathobacter","Eubacterium_ramulus"
"2767d4a7a901f282028a4285918789f1","d__Bacteria","Firmicutes","Clostridia","Oscillospirales","Oscillospiraceae","UCG-002","uncultured_rumen"
"a30e6cc09462ab39fa984611f8742bf0","d__Bacteria","Bacteroidota","Bacteroidia","Bacteroidales","Bacteroidaceae","Bacteroides",NA
"225d61c2946d8c499a55465dc493edbe","d__Bacteria","Bacteroidota","Bacteroidia","Bacteroidales","Prevotellaceae","Paraprevotella","Paraprevotella_clara"
"ea052139a16a1ef0b7cdc98011d93b09","d__Bacteria","Firmicutes","Clostridia","Lachnospirales","Lachnospiraceae","CAG-56","uncultured_bacterium"
"78a5b220c399011a5a72ce2755fc54ac","d__Bacteria","Firmicutes","Bacilli","Erysipelotrichales","Erysipelotrichaceae","Holdemanella","uncultured_bacterium"
"e29324327c99c1b90dee97aa116998d2","d__Bacteria","Firmicutes","Clostridia","Lachnospirales","Lachnospiraceae","[Eubacterium]_ruminantium_group","uncultured_bacterium"
"913e0ac3fe1767a88a0d99d8cfb1b096","d__Bacteria","Bacteroidota","Bacteroidia","Bacteroidales","Bacteroidaceae","Bacteroides",NA
"04bb565690893e54ba147a858e9c57da","d__Bacteria","Firmicutes","Clostridia","Lachnospirales","Lachnospiraceae","[Ruminococcus]_torques_group",NA
"d897e821df898583baa7e832da459cfa","d__Bacteria","Firmicutes","Bacilli","Erysipelotrichales","Erysipelotrichaceae","Holdemanella",NA
"c701c3a70957b56b5fcfe64394278c29","d__Bacteria","Bacteroidota","Bacteroidia","Bacteroidales","Rikenellaceae","Alistipes","Alistipes_obesi"
"d45051b862ebc3b764c6cd4758045a5c","d__Bacteria","Firmicutes","Clostridia","Lachnospirales","Lachnospiraceae",NA,NA
"24a243c38014e2daa1fadd8c23ec578f","d__Bacteria","Actinobacteriota","Coriobacteriia","Coriobacteriales","Coriobacteriaceae","Collinsella",NA
"4f44782d2e9483b14e4b8b3edc66c612","d__Bacteria","Firmicutes","Clostridia","Lachnospirales","Lachnospiraceae","[Eubacterium]_eligens_group",NA
"86254a9956fcb87aead3ede5680ad82a","d__Bacteria","Firmicutes","Clostridia","Oscillospirales","Oscillospiraceae","UCG-003",NA
"35b02bf1210d1555b77db5fe81d1fd97","d__Bacteria","Firmicutes","Clostridia","Lachnospirales","Lachnospiraceae","Lachnospiraceae_ND3007_group",NA
"7f872c64e0f1619e2b8e537ac413a674","d__Bacteria","Firmicutes","Clostridia","Oscillospirales","UCG-010","UCG-010",NA
"2e95fd11da45c34ee1cb0f946117cb48","d__Bacteria","Firmicutes","Clostridia","Lachnospirales","Lachnospiraceae","[Eubacterium]_eligens_group",NA
"191a69529c91c6bc3f1f0e8c560424a9","d__Bacteria","Firmicutes","Clostridia","Oscillospirales","Butyricicoccaceae","Butyricicoccus","Butyricicoccus_sp."
"acc10c7fb85bf4bdd451a7d4c13c15bb","d__Bacteria","Bacteroidota","Bacteroidia","Bacteroidales","Prevotellaceae","Paraprevotella",NA
"80cef54718b8b3b053e81320def20ea5","d__Bacteria","Bacteroidota","Bacteroidia","Bacteroidales","Bacteroidaceae","Bacteroides",NA
"04a79736420e423d4cd6043253521d58","d__Bacteria","Firmicutes","Clostridia","Oscillospirales","Butyricicoccaceae","Butyricicoccus",NA
"8e2e4a136a9c88493273398ce4b9ab28","d__Bacteria","Firmicutes","Bacilli","Erysipelotrichales","Erysipelotrichaceae","Turicibacter",NA
"177a3f71aabe7f12640a993eaac36069","d__Bacteria","Bacteroidota","Bacteroidia","Bacteroidales","Bacteroidaceae","Bacteroides",NA
"2abcf003788d23bd2e0506a728d67415","d__Bacteria","Firmicutes","Clostridia","Lachnospirales","Lachnospiraceae","Dorea",NA
"36009a1a784a332284124f870270d589","d__Bacteria","Bacteroidota","Bacteroidia","Bacteroidales","Prevotellaceae","Paraprevotella",NA
"d4f70b1fb46b3e8c80435163c993304d","d__Bacteria","Firmicutes","Clostridia","Christensenellales","Christensenellaceae","Christensenellaceae_R-7_group","uncultured_prokaryote"
"55bfb2bcd8927eb6606df96d2643c987","d__Bacteria","Firmicutes","Clostridia","Lachnospirales","Lachnospiraceae","Coprococcus",NA
"12d74cf4397618486147c2db83d5823d","d__Bacteria","Firmicutes","Negativicutes","Acidaminococcales","Acidaminococcaceae","Phascolarctobacterium",NA
"6e49fc95bd9c127e987ac272cc26cfcf","d__Bacteria","Bacteroidota","Bacteroidia","Bacteroidales","Bacteroidaceae","Bacteroides",NA
"2acc0eeaf11d4e05a0275b4614e23db2","d__Bacteria","Firmicutes","Clostridia","Lachnospirales","Lachnospiraceae","Lachnospiraceae_NK4A136_group","uncultured_organism"
"eee3dcf94a2ccb2389036c87bf6f340c","d__Bacteria","Proteobacteria","Gammaproteobacteria","Burkholderiales","Sutterellaceae","Sutterella",NA
"c54bf70908b1db0f88baa5d62cbedb52","d__Bacteria","Firmicutes","Bacilli","Erysipelotrichales","Erysipelotrichaceae","Holdemanella",NA
"4ed52398918c3276815f4fb4e9b52c01","d__Bacteria","Desulfobacterota","Desulfovibrionia","Desulfovibrionales","Desulfovibrionaceae","Bilophila",NA
"1c641acbfb592b9fee2d900cdd6ea775","d__Bacteria","Firmicutes","Clostridia","Oscillospirales","[Eubacterium]_coprostanoligenes_group","[Eubacterium]_coprostanoligenes_group",NA
"04452c83340ecb71a3c1bea0251bbd75","d__Bacteria","Firmicutes","Clostridia","Oscillospirales","Ruminococcaceae","Ruminococcus",NA
"3c6560c1cf47619097ab1d6436b03f55","d__Bacteria","Firmicutes","Clostridia","Oscillospirales","Ruminococcaceae","Ruminococcus","Ruminococcus_champanellensis"
"d1f8393943d8b6789840e53f9ba7f664","d__Bacteria","Firmicutes","Clostridia","Lachnospirales","Lachnospiraceae","[Eubacterium]_eligens_group",NA
"592b19b91910c7d13ead34e0a6e2c194","d__Bacteria","Firmicutes","Clostridia","Lachnospirales","Lachnospiraceae","[Ruminococcus]_gauvreauii_group",NA
"8cccf951be769aac9817e6cfad41b7bb","d__Bacteria","Firmicutes","Clostridia","Clostridia_UCG-014","Clostridia_UCG-014","Clostridia_UCG-014",NA
"230b40d1516bb280a9485644172678ab","d__Bacteria","Firmicutes","Clostridia","Lachnospirales","Lachnospiraceae","Roseburia",NA
"1676951ab7cce45528ff3b84ab7322b2","d__Bacteria","Proteobacteria","Alphaproteobacteria",NA,NA,NA,NA
"8c91c06c5f265a17b3a56ed458505830","d__Bacteria","Firmicutes","Clostridia","Clostridia_UCG-014","Clostridia_UCG-014","Clostridia_UCG-014",NA
"744aee5ea12daecbc79ee5af40a7c59c","d__Bacteria","Proteobacteria","Alphaproteobacteria","Rhodospirillales","uncultured","uncultured","gut_metagenome"
"05131eda47202ff9fac2775b1cd653e8","d__Bacteria","Firmicutes","Negativicutes","Veillonellales-Selenomonadales","Veillonellaceae","Dialister",NA
"864ffcac0b63f919924d35095f0cedcd","d__Bacteria","Firmicutes","Clostridia","Lachnospirales","Lachnospiraceae",NA,NA
"c2b091f3a453f33158ed70bd52bb9278","d__Archaea","Euryarchaeota","Methanobacteria","Methanobacteriales","Methanobacteriaceae","Methanosphaera",NA
"bc7ef4546f729a4a7b606b47d4df78de","d__Bacteria","Firmicutes","Negativicutes","Veillonellales-Selenomonadales","Veillonellaceae","Dialister",NA
"66dd8a666224f8638a78fee4e5655695","d__Bacteria","Firmicutes","Clostridia","Oscillospirales","Oscillospiraceae","UCG-005",NA
"793b874082543d7b4a5b3fa061e631e1","d__Bacteria","Firmicutes","Clostridia","Oscillospirales","UCG-010","UCG-010","metagenome"
"349bab8da37ab503ccfc4de9df2f71ae","d__Bacteria","Firmicutes","Clostridia","Oscillospirales","[Eubacterium]_coprostanoligenes_group","[Eubacterium]_coprostanoligenes_group",NA
"2fa07353d82d0d36b91e41bc3b240516","d__Bacteria","Firmicutes","Clostridia","Lachnospirales","Lachnospiraceae","[Eubacterium]_xylanophilum_group","uncultured_organism"
"9820ac465022b46ee55e22b95bde4289","d__Bacteria","Bacteroidota","Bacteroidia","Bacteroidales","Tannerellaceae","Parabacteroides",NA
"2eced03d4224ef6cd48645bafad4721f","d__Bacteria","Firmicutes","Clostridia","Lachnospirales","Lachnospiraceae","Blautia",NA
"d646b9a5f1222134c135d4b5d5b6f287","d__Bacteria","Firmicutes","Clostridia","Christensenellales","Christensenellaceae","Christensenellaceae_R-7_group",NA
"7033d30d88ff10e71b933f7d2c3fdb1a","d__Bacteria","Firmicutes","Clostridia","Clostridia_UCG-014","Clostridia_UCG-014","Clostridia_UCG-014",NA
"8d29a4b0e2aa4632d98d3b302ea9ef31","d__Bacteria","Actinobacteriota","Actinobacteria","Bifidobacteriales","Bifidobacteriaceae","Bifidobacterium",NA
"47fb23ca1df65735ae426560ee5d90cd","d__Bacteria","Firmicutes","Clostridia","Oscillospirales","Oscillospiraceae","UCG-005",NA
"b7f64d28d49eb2d41b541aa1eb87168d","d__Bacteria","Firmicutes","Clostridia","Oscillospirales","Ruminococcaceae","Ruminococcus","uncultured_Ruminococcus"
"b8e9a09aa38f36d19cd4d57f156637ae","d__Bacteria","Firmicutes","Clostridia","Oscillospirales","Oscillospiraceae","UCG-005","uncultured_organism"
"7c0221b4255a94fc2da4b51b79ebb189","d__Bacteria","Proteobacteria","Gammaproteobacteria","Burkholderiales","Sutterellaceae","Sutterella",NA
"c49b96326cfed7b8d97d7ce6e9a039c7","d__Bacteria","Firmicutes","Clostridia","Lachnospirales","Lachnospiraceae","Coprococcus",NA
"8279447c860fbdabb7ab1700cf3ec8dc","d__Bacteria","Bacteroidota","Bacteroidia","Bacteroidales","Barnesiellaceae","Barnesiella",NA
"f4be831e34eb58cbd974685d4f455352","d__Bacteria","Firmicutes","Clostridia","Lachnospirales","Lachnospiraceae","Coprococcus","Coprococcus_eutactus"
"0e215eb5ea306a1d04c6b7fdd94e1cac","d__Bacteria","Bacteroidota","Bacteroidia","Bacteroidales","Rikenellaceae","Alistipes",NA
"8ca1f16071d6ec4063c35f053fad7c87","d__Bacteria","Proteobacteria","Gammaproteobacteria","Burkholderiales","Sutterellaceae","Sutterella","gut_metagenome"
"04998ebac089ed3027cb4baece38d99c","d__Bacteria","Firmicutes","Clostridia","Oscillospirales","Ruminococcaceae","Faecalibacterium",NA
"f1ccf2f7fee0d217aa11ac016be26125","d__Bacteria","Bacteroidota","Bacteroidia","Bacteroidales","Marinifilaceae","Odoribacter","Odoribacter_splanchnicus"
"cfc784d01239569843b469b746b4480d","d__Bacteria","Proteobacteria","Gammaproteobacteria","Burkholderiales","Sutterellaceae","Parasutterella","Burkholderiales_bacterium"
"9b7df2deef0a096a7843440bffbfe809","d__Bacteria","Firmicutes","Clostridia","Lachnospirales","Lachnospiraceae","Lachnospiraceae_UCG-004",NA
"c0760c8bb5af78b448b74dabd5dc0cd7","d__Bacteria","Firmicutes","Clostridia","Lachnospirales","Lachnospiraceae","[Ruminococcus]_torques_group",NA
"2cdcf81d70e0174f668f3351c4a6da9e","d__Bacteria","Firmicutes","Clostridia","Oscillospirales",NA,NA,NA
"e5c182a72ab6968853f3675e8c66677e","d__Bacteria","Firmicutes","Clostridia","Lachnospirales","Lachnospiraceae","Coprococcus",NA
"519464130999e0f8f5f9c00dacac4b4d","d__Bacteria","Firmicutes","Clostridia","Lachnospirales","Lachnospiraceae",NA,NA
"08e5996d843b3203b06163edc542cdef","d__Bacteria","Bacteroidota","Bacteroidia","Bacteroidales","Bacteroidaceae","Bacteroides",NA
"88ab9af7bd6d8a09c14a812cb2082a79","d__Bacteria","Bacteroidota","Bacteroidia","Bacteroidales","Rikenellaceae","Alistipes","Alistipes_finegoldii"
"0ffe1c0b10c23e914f31815446e63b43","d__Bacteria","Bacteroidota","Bacteroidia","Bacteroidales","Prevotellaceae","Prevotella","human_gut"
"4bec907c5c52d95f0cdd7b27574551e6","d__Bacteria","Firmicutes","Negativicutes","Veillonellales-Selenomonadales","Veillonellaceae","Dialister",NA
"f851259f9ce3d4995cd742108b6487d8","d__Bacteria","Firmicutes","Clostridia","Oscillospirales","Ruminococcaceae","Subdoligranulum",NA
"71923d469c153df048fc36822eebcd15","d__Bacteria","Firmicutes","Clostridia","Monoglobales","Monoglobaceae","Monoglobus",NA
"81fb9360f5e5db4f7d99b5f099c691bf","d__Bacteria","Firmicutes","Clostridia","Lachnospirales","Lachnospiraceae","[Ruminococcus]_torques_group",NA
"3272b5d7672fceaf5b7de4288af347a2","d__Bacteria","Firmicutes","Clostridia","Lachnospirales","Lachnospiraceae",NA,NA
"37c4a32e028b15947d0bb74403274ced","d__Bacteria","Proteobacteria","Gammaproteobacteria","Burkholderiales","Sutterellaceae","Sutterella",NA
"50843be1c86ff48040e3afb94ffeef5d","d__Bacteria","Bacteroidota","Bacteroidia","Bacteroidales","Marinifilaceae","Butyricimonas","uncultured_bacterium"
"5843b15422897633f1b834c1aea45d97","d__Bacteria","Firmicutes","Clostridia","Oscillospirales","Oscillospiraceae","uncultured",NA
"ff879f5418ebe06779501b57b52cb944","d__Bacteria","Proteobacteria","Gammaproteobacteria","Enterobacterales","Morganellaceae","Proteus",NA
"f67ce1b43b430597b6c3ce04140cdea1","d__Bacteria","Firmicutes","Negativicutes","Veillonellales-Selenomonadales","Selenomonadaceae","Anaerovibrio",NA
"14c7421ccb8cb1199fe15c7ec91f3a97","d__Bacteria","Firmicutes","Clostridia","Oscillospirales","Oscillospiraceae","NK4A214_group","metagenome"
"35395b9940e22cf94b73f86eabc11190","d__Bacteria","Firmicutes","Clostridia","Oscillospirales","[Eubacterium]_coprostanoligenes_group","[Eubacterium]_coprostanoligenes_group","human_gut"
"8687d1ad150228c9da510f906b670cd2","d__Bacteria","Firmicutes","Clostridia","Lachnospirales","Lachnospiraceae","Blautia",NA
"30224fff17f43adec51a3b47940b5d01","d__Bacteria","Firmicutes","Clostridia","Lachnospirales","Lachnospiraceae","Blautia",NA
"5c0b43a1ab1e62e3373713d9e7c53c3e","d__Bacteria","Firmicutes","Clostridia","Oscillospirales","[Eubacterium]_coprostanoligenes_group","[Eubacterium]_coprostanoligenes_group",NA
"620edd2956ede81b09704c3f3f5657fa","d__Bacteria","Firmicutes","Bacilli","Lactobacillales","Leuconostocaceae","Weissella",NA
"8030b5c287dcd9545dd081d79cf9f625","d__Bacteria","Bacteroidota","Bacteroidia","Bacteroidales","Bacteroidaceae","Bacteroides",NA
"01e20f7890bfbcc95e7bf84d1432989b","d__Bacteria","Firmicutes","Clostridia","Lachnospirales","Lachnospiraceae","Lachnospiraceae_UCG-010","uncultured_organism"
"e76550bbbd18a8319067eccc4b353635","d__Bacteria","Firmicutes","Clostridia","Oscillospirales","Oscillospiraceae","Colidextribacter","uncultured_Clostridia"
"d8b252700645ef1d1fdefed4c0f385fc","d__Bacteria","Firmicutes","Negativicutes","Acidaminococcales","Acidaminococcaceae","Acidaminococcus",NA
"c1d1a48bfe3724f03161c473df7784df","d__Bacteria","Firmicutes","Clostridia","Lachnospirales","Lachnospiraceae","Lachnospiraceae_UCG-001","Lachnospiraceae_bacterium"
"fd5fedd489121a57f34fa171ac341906","d__Bacteria","Firmicutes","Clostridia","Peptostreptococcales-Tissierellales","Anaerovoracaceae","Mogibacterium","uncultured_bacterium"
"f52c7d052641860703cab377fe3ccdc0","d__Bacteria","Firmicutes","Clostridia","Clostridiales","Clostridiaceae","Clostridium_sensu_stricto_1",NA
"10b6a949a1500e8e9c3ef957824e03d9","d__Bacteria","Firmicutes","Clostridia","Lachnospirales","Lachnospiraceae","GCA-900066575",NA
"9960c3fcfc2429f0aefd98aa370382ce","d__Bacteria","Bacteroidota","Bacteroidia","Bacteroidales","Bacteroidaceae","Bacteroides",NA
"54c75ff9808ad69261f196f3fa130b06","d__Bacteria","Desulfobacterota","Desulfovibrionia","Desulfovibrionales","Desulfovibrionaceae","Desulfovibrio",NA
"8bdb9230ca56dd9fc91558a3bbb273e3","d__Bacteria","Firmicutes","Clostridia","Lachnospirales","Lachnospiraceae",NA,NA
"34f596506fec311944e2ffcd6c1dcaba","d__Bacteria","Firmicutes","Clostridia","Oscillospirales","Ruminococcaceae","Incertae_Sedis","uncultured_organism"
"fd5f98fa76b609190af6510367d7f5c4","d__Bacteria","Firmicutes","Clostridia","Lachnospirales","Lachnospiraceae",NA,NA
"58377641ce275fddf1788bcd37a3c133","d__Bacteria","Firmicutes","Clostridia","Lachnospirales","Lachnospiraceae","Lachnoclostridium","human_gut"
"1af14ca4abaea5d37600b68152fa9557","d__Bacteria","Bacteroidota","Bacteroidia","Bacteroidales","Bacteroidaceae","Bacteroides",NA
"e8072d8f9324c234e49a645271f23cc6","d__Bacteria","Firmicutes","Clostridia","Clostridia_UCG-014","Clostridia_UCG-014","Clostridia_UCG-014",NA
"69ce0617cbc3b5ee8bf0bdf40659d73a","d__Bacteria","Firmicutes","Clostridia","Oscillospirales","Ruminococcaceae","Ruminococcus",NA
"9b5c4102f89933c58dba769077b9610c","d__Bacteria","Proteobacteria","Gammaproteobacteria","Burkholderiales","Sutterellaceae","Sutterella",NA
"bb023fa57fd1964b6ebb7eb0fbd38213","d__Bacteria","Firmicutes","Clostridia","Peptostreptococcales-Tissierellales","Peptostreptococcaceae","Intestinibacter",NA
"e3037e0b8dafc455576ace7cc6a9a5b9","d__Bacteria","Firmicutes","Clostridia","Lachnospirales","Lachnospiraceae","Roseburia","gut_metagenome"
"915f46063d42e99137a5764e3514e3cd","d__Bacteria","Firmicutes","Clostridia","Lachnospirales","Lachnospiraceae",NA,NA
"27ca1a093b7852fb8a446c07ad8cde38","d__Bacteria","Firmicutes","Clostridia","Oscillospirales","Oscillospiraceae","UCG-005","human_gut"
"b1b251321b035c2d4a3545fa8d6eeff7","d__Bacteria","Firmicutes","Clostridia","Lachnospirales","Lachnospiraceae",NA,NA
"944d361e7ebe5db657ec5bdea34cc814","d__Bacteria","Firmicutes","Clostridia","Clostridia_vadinBB60_group","Clostridia_vadinBB60_group","Clostridia_vadinBB60_group","uncultured_bacterium"
"46e806c03cfddc66ec8b10a0e428d906","d__Bacteria","Firmicutes","Clostridia","Lachnospirales","Lachnospiraceae","Lachnospiraceae_UCG-008","uncultured_organism"
"fc1a64721dd7cc12d6e71bef317bb9ac","d__Bacteria","Firmicutes","Clostridia","Oscillospirales","Ruminococcaceae","Fournierella","uncultured_bacterium"
"eb7176dbda53db07c5bcd55baebd6889","d__Bacteria","Firmicutes","Negativicutes","Veillonellales-Selenomonadales","Veillonellaceae","Megasphaera",NA
"40ff58f91c62bf1e46b6ef7bdbdafd81","d__Bacteria","Firmicutes","Clostridia","Lachnospirales","Lachnospiraceae",NA,NA
"be13798afba9ac3f2fe9be00d80f31b7","d__Bacteria","Firmicutes","Bacilli","RF39","RF39","RF39",NA
"496317f9b237c54201f4f54513407292","d__Bacteria","Firmicutes","Clostridia","Clostridia_vadinBB60_group","Clostridia_vadinBB60_group","Clostridia_vadinBB60_group","uncultured_bacterium"
"3d0a443b28cb55ee49afc9943974489a","d__Bacteria","Firmicutes","Clostridia","Lachnospirales","Lachnospiraceae","Butyrivibrio","Butyrivibrio_crossotus"
"f4a2a047d84de41dda60df04dddbe1de","d__Bacteria","Desulfobacterota","Desulfovibrionia","Desulfovibrionales","Desulfovibrionaceae","Bilophila",NA
"129c76f1b24b0f10b24d7b20f92cbdb8","d__Bacteria","Firmicutes","Clostridia","Oscillospirales","Ruminococcaceae","CAG-352","uncultured_bacterium"
"57273e0d47cf3ed1c2679c0a9ce830dc","d__Bacteria","Firmicutes","Clostridia","Lachnospirales","Lachnospiraceae","Anaerostipes",NA
"fa08aab69ace8e41bf1701e96ad7ea00","d__Bacteria","Bacteroidota","Bacteroidia","Bacteroidales","Rikenellaceae","Alistipes","Alistipes_inops"
"377863b9b5f359b6bfd5cbe4c2bfdeda","d__Bacteria","Firmicutes","Clostridia","Lachnospirales","Lachnospiraceae",NA,NA
"a94d18b415098c03d741d9ba63c46bd4","d__Bacteria","Firmicutes","Clostridia","Lachnospirales","Lachnospiraceae","Marvinbryantia",NA
"0582d4db3e0afefcc86b1f556220719d","d__Bacteria","Firmicutes","Clostridia","Christensenellales","Christensenellaceae","Christensenellaceae_R-7_group","uncultured_Spirochaetales"
"9e5bc44b0fecf5884feadc476f9cf8f7","d__Bacteria","Firmicutes","Clostridia","Oscillospirales","[Eubacterium]_coprostanoligenes_group","[Eubacterium]_coprostanoligenes_group",NA
"d419118aa44c5656e2830f0fbc7078d1","d__Bacteria","Actinobacteriota","Coriobacteriia","Coriobacteriales","Eggerthellaceae","uncultured",NA
"b884cf6468f7bde54ec8f893adf3889b","d__Bacteria","Firmicutes","Clostridia","Lachnospirales","Lachnospiraceae",NA,NA
"6d8ddff586ac69644f128103adce740c","d__Bacteria","Firmicutes","Clostridia","Lachnospirales","Lachnospiraceae","[Eubacterium]_hallii_group",NA
"555ce978698742a59a9b7bd8d48c1bed","d__Bacteria","Firmicutes","Clostridia","Oscillospirales","Ruminococcaceae","Incertae_Sedis","[Clostridium]_leptum"
"f181ec516a350819ed3783f34c749236","d__Bacteria","Firmicutes","Clostridia","Oscillospirales","Butyricicoccaceae",NA,NA
"57c269490323949d8db2d7dfc2cf3153","d__Bacteria","Firmicutes","Clostridia","Monoglobales","Monoglobaceae","Monoglobus",NA
"e56e859329f9270a29303096437c8c2b","d__Bacteria","Firmicutes","Clostridia","Clostridia_vadinBB60_group","Clostridia_vadinBB60_group","Clostridia_vadinBB60_group","gut_metagenome"
"d7ec23ebad7e4698083e474a5c27fa63","d__Bacteria","Firmicutes","Clostridia","Lachnospirales","Lachnospiraceae","Epulopiscium","uncultured_organism"
"a8d7bdaee5ef6e60544b14c9998fe1dc","d__Bacteria","Firmicutes","Clostridia","Christensenellales","Christensenellaceae","Christensenellaceae_R-7_group","bacterium_YE57"
"ba930ca4f3362f71c806f060c2dc5f37","d__Bacteria","Bacteroidota","Bacteroidia","Bacteroidales","Marinifilaceae","Butyricimonas",NA
"610adc0266739346ef2158575b8e7ff8","d__Bacteria","Bacteroidota","Bacteroidia","Bacteroidales","Barnesiellaceae","Barnesiella",NA
"18f0e786629b92bb1bef9c30856671bc","d__Bacteria","Firmicutes","Clostridia","Christensenellales","Christensenellaceae","Christensenellaceae_R-7_group",NA
"ae667022055717d105477d2417aca00b","d__Bacteria","Firmicutes","Clostridia","Oscillospirales","Oscillospiraceae","UCG-002",NA
"35d0cea71127594ce58188abdbe9f3aa","d__Bacteria","Firmicutes","Bacilli","Erysipelotrichales","Erysipelotrichaceae","Holdemanella","uncultured_bacterium"
"14529be581465b96345e96adfcdbe2df","d__Bacteria","Firmicutes","Clostridia","Oscillospirales","Oscillospiraceae","NK4A214_group",NA
"801a759b951725e76640d54b8181f643","d__Bacteria","Verrucomicrobiota","Verrucomicrobiae","Verrucomicrobiales","Akkermansiaceae","Akkermansia",NA
"9eed0644acfd53baabcfca5b1e9df87c","d__Bacteria","Bacteroidota","Bacteroidia","Bacteroidales","Prevotellaceae","uncultured","Prevotellaceae_bacterium"
"15d1e73f255fe160549e87d6cd86aa4c","d__Bacteria","Bacteroidota","Bacteroidia","Bacteroidales","Prevotellaceae","Alloprevotella",NA
"7bc78e46e572924b45b560e9f8f8c7bf","d__Bacteria","Firmicutes","Clostridia","Oscillospirales","Ruminococcaceae","Negativibacillus","uncultured_bacterium"
"0b393c8bd15a5801b3612bcf60e0c381","d__Bacteria","Firmicutes","Clostridia","Lachnospirales","Lachnospiraceae",NA,NA
"cc561ca377cb48483631b2da125e4c18","d__Bacteria","Firmicutes","Clostridia","Oscillospirales","Ruminococcaceae","Subdoligranulum",NA
"8d490b2dec6cf6447a84e20089dddc79","d__Bacteria","Firmicutes","Clostridia","Lachnospirales","Lachnospiraceae",NA,NA
"f63304afda846ba3536f24cf9b9e0e4a","d__Bacteria","Firmicutes","Clostridia","Christensenellales","Christensenellaceae","Christensenellaceae_R-7_group",NA
"0b2cfae607c37bc20fc4b724e80500c9","d__Bacteria","Bacteroidota","Bacteroidia","Bacteroidales","Prevotellaceae","Prevotella","Prevotellaceae_bacterium"
"697646f319e03f19c8212e39df12c5c4","d__Bacteria","Bacteroidota","Bacteroidia","Flavobacteriales","Flavobacteriaceae","uncultured","gut_metagenome"
"4022e96a38072ebc88226b354b3868b5","d__Bacteria","Firmicutes","Clostridia","Oscillospirales","Oscillospiraceae","uncultured",NA
"9d2172199449d686af2fc12e39ca763f","d__Bacteria","Firmicutes","Clostridia","Oscillospirales","[Eubacterium]_coprostanoligenes_group","[Eubacterium]_coprostanoligenes_group",NA
"7bbf66d2c237d2b03ba3a7e5adf9ad5f","d__Bacteria","Firmicutes","Clostridia","Lachnospirales","Lachnospiraceae","Roseburia","gut_metagenome"
"25a2d86cadb848b5499512375d6869dd","d__Bacteria","Firmicutes","Clostridia","Oscillospirales","Butyricicoccaceae","Butyricicoccus",NA
"871dad746a2989fd3014eb06cbd2d24e","d__Bacteria","Bacteroidota","Bacteroidia","Bacteroidales","Bacteroidaceae","Bacteroides",NA
"a37ad0ae5658187f03ca30dc83f27457","d__Bacteria","Proteobacteria","Alphaproteobacteria","Rhodospirillales","uncultured","uncultured","gut_metagenome"
"98ef2f9b4303708cb8edc91e125e520c","d__Bacteria","Firmicutes","Clostridia","Clostridia_UCG-014","Clostridia_UCG-014","Clostridia_UCG-014",NA
"4a0daa3fde0edc6ee96af34d0e8d6693","d__Bacteria","Firmicutes","Clostridia","Oscillospirales","Ruminococcaceae","Negativibacillus",NA
"122e1ba1eeb3b0a650520c516087685e","d__Bacteria","Firmicutes","Clostridia","Clostridia_UCG-014","Clostridia_UCG-014","Clostridia_UCG-014",NA
"baff7370c4e4086b765b9becb975479c","d__Bacteria","Firmicutes","Clostridia","Oscillospirales","Oscillospiraceae","UCG-005",NA
"cdb83f8e31e9e0736ac2931e3474c48b","d__Bacteria","Firmicutes","Clostridia","Oscillospirales","Oscillospiraceae","UCG-005","uncultured_organism"
"015c8a5e70e6db4de5f7303cdf5594a8","d__Bacteria","Firmicutes","Negativicutes","Veillonellales-Selenomonadales","Selenomonadaceae","Mitsuokella",NA
"273b2166874c7fb2a29c7685a202cd07","d__Bacteria","Firmicutes","Negativicutes","Acidaminococcales","Acidaminococcaceae","Acidaminococcus",NA
"c3ea52b85e0f731e96157e4cf55161c5","d__Bacteria","Firmicutes","Clostridia","Oscillospirales","[Eubacterium]_coprostanoligenes_group","[Eubacterium]_coprostanoligenes_group","uncultured_bacterium"
"ebd427c8be6d8ee3e9986e59566a4870","d__Bacteria","Firmicutes","Clostridia","Oscillospirales","Ruminococcaceae","[Eubacterium]_siraeum_group","uncultured_bacterium"
"544273a8368e2f46cde76fc5c04f0115","d__Bacteria","Firmicutes","Clostridia","Oscillospirales","[Eubacterium]_coprostanoligenes_group","[Eubacterium]_coprostanoligenes_group",NA
"c6f6350d2c7111f862ba1143f698ca91","d__Bacteria","Firmicutes","Clostridia","Clostridia_vadinBB60_group","Clostridia_vadinBB60_group","Clostridia_vadinBB60_group","uncultured_organism"
"c8d173b93e4e54fdda3c2d0b5449bcbf","d__Bacteria","Firmicutes","Bacilli","Lactobacillales","Streptococcaceae","Streptococcus",NA
"7869f35d2bba320ff200f95c9c1dc1b5","d__Bacteria","Firmicutes","Clostridia","Lachnospirales","Lachnospiraceae",NA,NA
"57846ed95cd0fb8ab1266c567fb67ac6","d__Bacteria","Firmicutes","Clostridia","Lachnospirales","Lachnospiraceae","Frisingicoccus",NA
"e46fd99e11002541c8b87ca8d05886a3","d__Bacteria","Firmicutes","Bacilli","Izemoplasmatales","Izemoplasmatales","Izemoplasmatales","gut_metagenome"
"2ce831c5dc58810295a20c6113b40042","d__Bacteria","Firmicutes","Clostridia","Lachnospirales","Lachnospiraceae","Butyrivibrio","uncultured_organism"
"03d6fc643478776609be385a3d62b97e","d__Bacteria","Proteobacteria","Alphaproteobacteria","Rhodospirillales","uncultured","uncultured",NA
"04ded369e0f047051ba8fd98c1b40fb0","d__Bacteria","Firmicutes","Clostridia","Peptostreptococcales-Tissierellales","Peptostreptococcaceae","Romboutsia",NA
"9b238b6d5798d8f9c07b0982b48c53b7","d__Bacteria","Firmicutes","Clostridia","Oscillospirales","Oscillospiraceae","NK4A214_group","metagenome"
"101c00a240afc542f187a9d53a9b76cc","d__Bacteria","Bacteroidota","Bacteroidia","Bacteroidales","Rikenellaceae","Alistipes",NA
"5071a9a74b55755f1a2b012ba74ed395","d__Bacteria","Firmicutes","Clostridia","Clostridia_UCG-014","Clostridia_UCG-014","Clostridia_UCG-014",NA
"2bd0a4ceb6f4f0d0d442aa6c7733540b","d__Bacteria","Bacteroidota","Bacteroidia","Bacteroidales","Prevotellaceae","Prevotella","Prevotellaceae_bacterium"
"e539cfe7a9bd0a7de696f876451d5d26","d__Bacteria","Firmicutes","Clostridia","Christensenellales","Christensenellaceae","Christensenellaceae_R-7_group","uncultured_prokaryote"
"1f7a7c2deed26ce8887238c54b6c0c61","d__Bacteria","Firmicutes","Clostridia","Oscillospirales","Ruminococcaceae","Ruminococcus","bacterium_FB2012"
"35195b675fcd32941cf09089230e84e8","d__Bacteria","Firmicutes","Clostridia","Oscillospirales",NA,NA,NA
"92588601528b9fbdb33ab0fca379f2a2","d__Bacteria","Actinobacteriota","Coriobacteriia","Coriobacteriales","Coriobacteriales_Incertae_Sedis","uncultured","uncultured_organism"
"993d3f926964d3337edf24885c697c74","d__Bacteria","Firmicutes","Clostridia","Oscillospirales","Ruminococcaceae","uncultured","human_gut"
"ba0462fea6196269680a892e43f90952","d__Bacteria","Bacteroidota","Bacteroidia","Bacteroidales","Prevotellaceae","Paraprevotella",NA
"0495ee5a976b4e675a8f08bc17428218","d__Bacteria","Firmicutes","Clostridia","Oscillospirales","Oscillospiraceae",NA,NA
"abb8b248d0ec0482c7963566a78a98de","d__Bacteria","Firmicutes","Clostridia","Clostridia_vadinBB60_group","Clostridia_vadinBB60_group","Clostridia_vadinBB60_group","metagenome"
"0e3caa4292059460b6375e8a553e21b9","d__Bacteria","Verrucomicrobiota","Verrucomicrobiae","Opitutales","Puniceicoccaceae","uncultured","uncultured_bacterium"
"9afec21f94117501214e65e1c9f2ca4a","d__Bacteria","Firmicutes","Clostridia","Oscillospirales","Oscillospiraceae","UCG-002","uncultured_organism"
"f56c0d82035a542db074a16d048272b3","d__Bacteria","Firmicutes","Clostridia","Christensenellales","Christensenellaceae","Christensenellaceae_R-7_group","human_gut"
"882c8043617aa3844e1e1743c7e6bc81","d__Bacteria","Firmicutes","Bacilli","Lactobacillales","Streptococcaceae","Lactococcus",NA
"4a4070e80af3d3fa3c67e5b14ca6feb1","d__Bacteria","Proteobacteria","Gammaproteobacteria","Aeromonadales","Succinivibrionaceae","Succinivibrio","metagenome"
"8cbeee4c9a8ba9034e69df01872cc82a","d__Bacteria","Bacteroidota","Bacteroidia","Bacteroidales","Tannerellaceae","Parabacteroides",NA
"c0d22b49e9e6a680d740a8a70e193254","d__Bacteria","Firmicutes","Clostridia","Lachnospirales","Lachnospiraceae","Blautia",NA
"0be663e4fb0aa1ae4ffb416676f43037","d__Bacteria","Firmicutes","Clostridia","Oscillospirales","UCG-010","UCG-010","metagenome"
"3a18384217c73be4859edf6210b2be3d","d__Bacteria","Firmicutes","Clostridia","Lachnospirales","Lachnospiraceae",NA,NA
"54057a5760ed3c2613a9e44be87c6b1f","d__Bacteria","Firmicutes","Clostridia","Lachnospirales","Lachnospiraceae",NA,NA
"c4b24c97f26535090f130dbf1782d824","d__Bacteria","Firmicutes","Clostridia","Oscillospirales","Ruminococcaceae","uncultured","gut_metagenome"
"a3212a5ee0723fafff46fe65be95d3ce","d__Bacteria","Firmicutes","Clostridia","Oscillospirales","Ruminococcaceae","uncultured","uncultured_organism"
"e756a5b3782ee3d13cf4f8000c9a315e","d__Bacteria","Firmicutes","Clostridia","Oscillospirales","Butyricicoccaceae","Butyricicoccus",NA
"aaea89b1c23e8a9683f94600b520f30f","d__Bacteria","Firmicutes","Clostridia","Lachnospirales","Lachnospiraceae","Lachnospiraceae_UCG-004",NA
"c4e9a040a11dcf068bc2eeda7671b0f8","d__Bacteria","Firmicutes","Clostridia","Oscillospirales","Oscillospiraceae","UCG-002",NA
"d6f143ec4f754489904413148f69ef6b","d__Bacteria","Firmicutes","Clostridia","Monoglobales","Monoglobaceae","Monoglobus",NA
"b50963276da84e8e5d5dfb0392e0e022","d__Bacteria","Firmicutes","Clostridia","Oscillospirales","Oscillospiraceae","UCG-002",NA
"aab9f02b912e385f7032a1848a1fe864","d__Bacteria","Firmicutes","Clostridia","Christensenellales","Christensenellaceae","Christensenellaceae_R-7_group","gut_metagenome"
"023a40e56500d1025afc0a253d7ec3f1","d__Bacteria","Firmicutes","Clostridia","Lachnospirales","Lachnospiraceae","Lachnospiraceae_NK4A136_group","uncultured_Clostridium"
"0e6c226257461063ff88e2fada0dd4ec","d__Bacteria","Firmicutes","Clostridia","Lachnospirales","Lachnospiraceae","Lachnospiraceae_FCS020_group","uncultured_Clostridium"
"45fb7a54746d7162371434aad6e33dc5","d__Bacteria","Firmicutes","Clostridia","Lachnospirales","Lachnospiraceae","Hungatella",NA
"0333d542ce689a70b93030777d4e05a0","d__Bacteria","Firmicutes","Clostridia","Peptococcales","Peptococcaceae","Peptococcus","uncultured_bacterium"
"afa62294d53318adbcb069b1a99b84e0","d__Bacteria","Firmicutes","Clostridia","Oscillospirales","[Eubacterium]_coprostanoligenes_group","[Eubacterium]_coprostanoligenes_group",NA
"bf2dcf2d8a8a697aece9166522516310","d__Bacteria","Firmicutes","Clostridia","Lachnospirales","Lachnospiraceae",NA,NA
"feffcbc8c7fb1147ffce443eeb5cbe0e","d__Bacteria","Firmicutes","Clostridia","Christensenellales","Christensenellaceae","Christensenellaceae_R-7_group","gut_metagenome"
"34f776e77d8a7293b5e5033920a5028e","d__Bacteria","Desulfobacterota","Desulfovibrionia","Desulfovibrionales","Desulfovibrionaceae","Desulfovibrio",NA
"4976ee817409d0798910de514c3879a5","d__Bacteria","Bacteroidota","Bacteroidia","Bacteroidales","Prevotellaceae","Prevotella","human_gut"
"30dc7e7c7ccb548cd9cadbff7baa0e35","d__Bacteria","Firmicutes","Clostridia","Clostridiales","Clostridiaceae","Clostridium_sensu_stricto_1","Clostridium_paraputrificum"
"d99f14cbc7ac8a87aa735651dd985268","d__Bacteria","Firmicutes","Clostridia","Oscillospirales","Oscillospiraceae","Colidextribacter","Anaerostipes_hadrus"
"7afd7bccdc5282c7063c9fb455c7b8bd","d__Bacteria","Firmicutes","Bacilli","Erysipelotrichales","Erysipelotrichaceae","Holdemanella","uncultured_bacterium"
"e40f6720aea645f453c72277c405dc62","d__Bacteria","Firmicutes","Bacilli","RF39","RF39","RF39",NA
"b73c20957c859ae9e8f4d9b850a04795","d__Bacteria","Bacteroidota","Bacteroidia","Bacteroidales","Tannerellaceae","Parabacteroides",NA
"b3d58fb2671ed7bde42ae5d35bdafdaf","d__Bacteria","Firmicutes","Clostridia","Peptococcales","Peptococcaceae","Peptococcus",NA
"2bf1953fe24053ccb8d7e2e15bd50fa8","d__Bacteria","Firmicutes","Negativicutes","Veillonellales-Selenomonadales","Selenomonadaceae","Megamonas",NA
"8c146536c20ed164623f96537a9ed624","d__Bacteria","Bacteroidota","Bacteroidia","Bacteroidales","Muribaculaceae","Muribaculaceae","uncultured_organism"
"3dfd694c9c804c937878c31b7769c4a9","d__Bacteria","Firmicutes","Clostridia","Oscillospirales","[Eubacterium]_coprostanoligenes_group","[Eubacterium]_coprostanoligenes_group",NA
"c48ad4dc77f71dc302afcbf029df7d2e","d__Bacteria","Firmicutes","Clostridia","Lachnospirales","Lachnospiraceae",NA,NA
"bcd5556a37e983d01c4e7937c9f22517","d__Bacteria","Firmicutes","Clostridia","Oscillospirales","Ruminococcaceae","uncultured","gut_metagenome"
"55b66af1baa21c569ec0b4b0659bc59a","d__Bacteria","Firmicutes","Clostridia","Oscillospirales","Oscillospiraceae",NA,NA
"209e2b516fc6e6e657a494aec5be3582","d__Bacteria","Firmicutes","Clostridia","Oscillospirales","Oscillospiraceae","Oscillibacter","uncultured_bacterium"
"8823c7f9d8dcc34bedb3f8305933c2ee","d__Bacteria","Firmicutes","Clostridia","Clostridia_UCG-014","Clostridia_UCG-014","Clostridia_UCG-014",NA
"8d3e9245ea69abd07778d0c501de6fd8","d__Bacteria","Firmicutes","Clostridia","Lachnospirales","Lachnospiraceae","Lachnospiraceae_UCG-003","uncultured_bacterium"
"0b9847eac0f5379022db4c8a90f11ebe","d__Bacteria","Firmicutes","Clostridia","Lachnospirales","Lachnospiraceae",NA,NA
"bcce13a84861f4f805f8cc9845bae00c","d__Bacteria","Bacteroidota","Bacteroidia","Bacteroidales","Bacteroidaceae","Bacteroides","Bacteroides_coprophilus"
"d924b450b2a61dd2af8c3d0fe3dc33bd","d__Bacteria","Firmicutes","Clostridia","Lachnospirales","Lachnospiraceae",NA,NA
"f4db19c8160f50c91b687fbeabd9dff9","d__Bacteria","Firmicutes","Clostridia","Christensenellales","Christensenellaceae","Christensenellaceae_R-7_group",NA
"c85346e0d15c964a5e15f047323d2a1d","d__Bacteria","Bacteroidota","Bacteroidia","Bacteroidales","Barnesiellaceae","Barnesiella",NA
"a1d44e0b35a2a42e8d14b6aa7afe65e2","d__Bacteria","Firmicutes","Clostridia","Oscillospirales","Oscillospiraceae","NK4A214_group",NA
"6f26f9a78c7992c88f7e8d96b645bff5","d__Bacteria","Firmicutes","Clostridia","Oscillospirales","Oscillospiraceae",NA,NA
"1d4225645365b815f8a66d621722711e","d__Bacteria","Firmicutes","Clostridia","Lachnospirales","Lachnospiraceae",NA,NA
"3b41b6348357b0cdb38bd031c6fe27cd","d__Bacteria","Firmicutes","Clostridia","Oscillospirales","UCG-010","UCG-010",NA
"d3c51efa5875fd065c82425fceb77d9e","d__Bacteria","Firmicutes","Clostridia","Oscillospirales","Oscillospiraceae","UCG-005","uncultured_organism"
"4e2017ef6d74a3689e7f0042679294a5","d__Bacteria","Firmicutes","Clostridia","Lachnospirales","Lachnospiraceae","Agathobacter",NA
"80be6d7dad1626a0b00101c4e329a33c","d__Bacteria","Firmicutes","Clostridia","Oscillospirales","Oscillospiraceae","NK4A214_group",NA
"63dd3986b722a781191c5053e5b46443","d__Bacteria","Firmicutes","Clostridia","Lachnospirales","Lachnospiraceae","[Ruminococcus]_gnavus_group",NA
"424480e9686c5c5f0c1c5d7bb52edd74","d__Bacteria","Firmicutes","Clostridia","Oscillospirales","Ruminococcaceae","UBA1819","uncultured_organism"
"b26b8a66d6929a91078074efd93edebe","d__Bacteria","Firmicutes","Clostridia","Oscillospirales","Oscillospiraceae","NK4A214_group",NA
"3b35a536401004e9293d8376d27a7fab","d__Bacteria","Proteobacteria","Gammaproteobacteria","Burkholderiales","Sutterellaceae","Sutterella","unidentified"
"c41b726eb9e5d4016dbe8511d166a829","d__Bacteria","Verrucomicrobiota","Lentisphaeria","Oligosphaerales","Oligosphaeraceae","Z20","uncultured_bacterium"
"38576d73b4d4cc401ed1f5a4ec1eaca2","d__Bacteria","Firmicutes","Clostridia","Lachnospirales","Lachnospiraceae","[Ruminococcus]_gauvreauii_group",NA
"2f28d1649120cfa91122687cb1b9f0f4","d__Bacteria","Firmicutes","Clostridia","Oscillospirales","Butyricicoccaceae","UCG-009","uncultured_organism"
"d63340f517b7b0437d16de6ea9024108","d__Bacteria","Verrucomicrobiota","Lentisphaeria","Victivallales","Victivallaceae","Victivallis",NA
"42cb2f2d9b340bfa805e265090d889ed","d__Bacteria","Firmicutes","Clostridia","Oscillospirales","Oscillospiraceae","Oscillibacter",NA
"d7aa7a0ff6365e77367c066ac870ed74","d__Bacteria","Verrucomicrobiota","Lentisphaeria","Victivallales","Victivallaceae","Victivallis","Victivallis_vadensis"
"5755b57821d8b0ccc0811a73952ca524","d__Bacteria","Firmicutes","Clostridia","Lachnospirales","Lachnospiraceae","Blautia",NA
"d6d0a66da4d22ec52e8ff8168f7b0cf6","d__Bacteria","Proteobacteria","Alphaproteobacteria","Rhodospirillales","uncultured","uncultured","gut_metagenome"
"664bc9d736d690de3f9814b709b6de86","d__Bacteria","Proteobacteria","Gammaproteobacteria","Enterobacterales","Enterobacteriaceae",NA,NA
"e16be6de6436803e3b84a5b5a648bb17","d__Bacteria","Firmicutes","Bacilli","Lactobacillales","Leuconostocaceae","Leuconostoc",NA
"1ecf778339d10c422406343478275d34","d__Bacteria","Bacteroidota","Bacteroidia","Bacteroidales","Prevotellaceae","Prevotella","Prevotella_corporis"
"115a195a25fe81bd6488ea34e2f7df4c","d__Bacteria","Bacteroidota","Bacteroidia","Bacteroidales","Prevotellaceae","Prevotella",NA
"b9c59f27e2022e47e0f86d33424608fb","d__Bacteria","Bacteroidota","Bacteroidia","Bacteroidales","Muribaculaceae","Muribaculaceae","uncultured_bacterium"
"620cb9f60d19ab3b1fd26d13783c3feb","d__Bacteria","Firmicutes","Clostridia","Oscillospirales","Oscillospiraceae","NK4A214_group","uncultured_organism"
"00ac4a188a035a030fd42935afd5238d","d__Bacteria","Firmicutes","Clostridia","Christensenellales","Christensenellaceae","Christensenellaceae_R-7_group",NA
"a2b352df1d9067717903f345a3cc9db8","d__Bacteria","Desulfobacterota","Desulfovibrionia","Desulfovibrionales","Desulfovibrionaceae","Desulfovibrio","metagenome"
"6cba59dc355fa4edc819f9a71c9d1358","d__Bacteria","Firmicutes","Clostridia","Lachnospirales","Lachnospiraceae","Lachnospiraceae_UCG-008","metagenome"
"69949bac9828667f2c0898beb783eeee","d__Bacteria","Bacteroidota","Bacteroidia","Bacteroidales","Rikenellaceae","Alistipes",NA
"e6c8bad6f09d8ee85d932d37c6181b05","d__Bacteria","Firmicutes","Bacilli","Erysipelotrichales","Erysipelatoclostridiaceae","Coprobacillus",NA
"9531c10d35c64cd2cac9783185daf724","d__Bacteria","Actinobacteriota","Coriobacteriia","Coriobacteriales","Eggerthellaceae","Enterorhabdus","uncultured_bacterium"
"49f81d1af6f1bc81f7c3c8125472b9aa","d__Bacteria","Firmicutes","Clostridia","Lachnospirales","Lachnospiraceae","Marvinbryantia",NA
"1e31332fc0c31fd3ab00f69dd20cf09c","d__Bacteria","Firmicutes","Clostridia","Christensenellales","Christensenellaceae","Christensenellaceae_R-7_group",NA
"99b3d2963ed7d5c9b683222262d53178","d__Bacteria","Firmicutes","Clostridia","Peptostreptococcales-Tissierellales","Anaerovoracaceae","Family_XIII_UCG-001","uncultured_bacterium"
"3a0e7148d2a422b1dc6dd67b785ac29f","d__Bacteria","Firmicutes","Clostridia","Oscillospirales","Oscillospiraceae","Oscillibacter",NA
"c83cc10c5c968989f613da9928f8a9f4","d__Bacteria","Firmicutes","Clostridia","Lachnospirales","Lachnospiraceae",NA,NA
"f571384684eedfa0df11e4f4fbc4c7ea","d__Bacteria","Firmicutes","Bacilli","Acholeplasmatales","Acholeplasmataceae","Anaeroplasma","uncultured_bacterium"
"04cb9ad49b497be53c03ede172e1bdc8","d__Bacteria","Firmicutes","Clostridia","Oscillospirales","Oscillospiraceae","Colidextribacter","uncultured_Clostridia"
"0613a281050f9667955dba05547fa8f0","d__Bacteria","Firmicutes","Bacilli","RF39","RF39","RF39","gut_metagenome"
"605d5ca5beea3db031eb01e96324cc11","d__Bacteria","Actinobacteriota","Coriobacteriia","Coriobacteriales","Eggerthellaceae","Senegalimassilia","uncultured_bacterium"
"26e5e0fa319e12161f3374cb4ad84de4","d__Bacteria","Proteobacteria","Gammaproteobacteria","Pasteurellales","Pasteurellaceae",NA,NA
"a8809310a898974835379d8d052e3f43","d__Bacteria","Proteobacteria","Gammaproteobacteria","Enterobacterales","Yersiniaceae",NA,NA
"16f8da794fa8f67d7b702b384ea9bea5","d__Bacteria","Actinobacteriota","Coriobacteriia","Coriobacteriales","Eggerthellaceae","Slackia","Slackia_isoflavoniconvertens"
"719e4c55f5615a2810e0c0ec008ff635","d__Bacteria","Firmicutes","Clostridia","Lachnospirales","Lachnospiraceae",NA,NA
"9399f7fd2a19e05b69fffa5118707839","d__Bacteria","Firmicutes","Bacilli","Izemoplasmatales","Izemoplasmatales","Izemoplasmatales","uncultured_organism"
"5f5d134e25e6882f543176a7ad5b36df","d__Bacteria","Firmicutes","Clostridia",NA,NA,NA,NA
"0cfc6dc25d50f8a1c1c45fd89a66d3f4","d__Bacteria","Firmicutes","Clostridia","Oscillospirales","[Eubacterium]_coprostanoligenes_group","[Eubacterium]_coprostanoligenes_group",NA
"d05e9ec4485aa6a01ae241be3fdfda5d","d__Bacteria","Firmicutes","Clostridia","Lachnospirales","Defluviitaleaceae","Defluviitaleaceae_UCG-011","uncultured_bacterium"
"deebed15f4f69009faf7228a7d9664cf","d__Bacteria","Firmicutes","Clostridia","Oscillospirales","UCG-010","UCG-010",NA
"2f918fc7784475df2c7e33e106d9c44d","d__Bacteria","Bacteroidota","Bacteroidia","Bacteroidales","Rikenellaceae","Alistipes",NA
"fb2df3039e06d02bb2d915abc15ba151","d__Bacteria","Firmicutes","Clostridia","Clostridia_vadinBB60_group","Clostridia_vadinBB60_group","Clostridia_vadinBB60_group",NA
"e21793f65f76d65488112840fd546d73","d__Bacteria","Cyanobacteria","Vampirivibrionia","Gastranaerophilales","Gastranaerophilales","Gastranaerophilales","uncultured_bacterium"
"9f59e865f69a2ca93cbdda982e552569","d__Bacteria","Firmicutes","Clostridia","Lachnospirales","Lachnospiraceae","Lachnoclostridium",NA
"24a078e7d2c7113c277203db8b2923e1","d__Bacteria","Firmicutes","Clostridia","Oscillospirales","Butyricicoccaceae","Butyricicoccus",NA
"a081ff70a14869d025a79985f5cfe12f","d__Bacteria","Proteobacteria","Gammaproteobacteria","Burkholderiales","Sutterellaceae","Parasutterella",NA
"380faca2ed9f4d76fee0272bdbb296e8","d__Bacteria","Bacteroidota","Bacteroidia","Bacteroidales","Rikenellaceae","Alistipes","Alistipes_indistinctus"
"211aba62677dc2fc928db34196684877","d__Bacteria","Firmicutes","Clostridia","Christensenellales","Christensenellaceae","Christensenellaceae_R-7_group",NA
"4496348917bd5258c5c772372f263997","d__Bacteria","Bacteroidota","Bacteroidia","Bacteroidales","Marinifilaceae","Butyricimonas",NA
"d304bc7f4545d539adcc4971194a64d9","d__Bacteria","Firmicutes","Bacilli","Izemoplasmatales","Izemoplasmatales","Izemoplasmatales","uncultured_organism"
"db58f12d9f001fd6b0a6388adb1e6442","d__Bacteria","Bacteroidota","Bacteroidia","Bacteroidales","Marinifilaceae","Odoribacter",NA
"483d8676d5f09e92ecbd32785d3a008d","d__Bacteria","Firmicutes","Clostridia","Peptostreptococcales-Tissierellales","Anaerovoracaceae","[Eubacterium]_nodatum_group",NA
"d9b9107ea6c9b53735665c7c64d24109","d__Bacteria","Firmicutes","Clostridia","Oscillospirales",NA,NA,NA
"e5b18487777c63e11001c1f5f97683eb","d__Bacteria","Firmicutes","Clostridia","Oscillospirales","Butyricicoccaceae","UCG-009","uncultured_bacterium"
"4f42f4538978d152705042e1250c2f58","d__Bacteria","Firmicutes","Clostridia","Oscillospirales","Ruminococcaceae","uncultured","metagenome"
"3e3678a909a58aac4d1b6cf1d75f9dcf","d__Bacteria","Actinobacteriota","Coriobacteriia","Coriobacteriales","Eggerthellaceae","Eggerthella",NA
"b0b40618af9ad57848c1f0e1d4b32957","d__Bacteria","Firmicutes","Clostridia","Lachnospirales","Lachnospiraceae","[Eubacterium]_fissicatena_group",NA
"16c378ce2de02099c1e3322bb0fd7f68","d__Bacteria","Firmicutes","Clostridia","Lachnospirales","Lachnospiraceae","[Eubacterium]_hallii_group",NA
"2fb928ae4fd0600ad8ae0877a534b883","d__Bacteria","Firmicutes","Clostridia","Oscillospirales","Ruminococcaceae","Subdoligranulum",NA
"2d955cc152c10ce8dca68569cef5c11a","d__Bacteria","Proteobacteria","Gammaproteobacteria","Burkholderiales","Sutterellaceae","Sutterella",NA
"f2755260cbbe25b4cfa24fabd8b5e9a8","d__Bacteria","Firmicutes","Clostridia","Oscillospirales","[Eubacterium]_coprostanoligenes_group","[Eubacterium]_coprostanoligenes_group","uncultured_organism"
"dca67ad73b53530f3c03efef3ea439d4","d__Bacteria","Proteobacteria","Gammaproteobacteria","Pasteurellales","Pasteurellaceae",NA,NA
"85e62d0d6f363b80e5cbd07385bc9933","d__Bacteria","Firmicutes","Clostridia","Clostridia_vadinBB60_group","Clostridia_vadinBB60_group","Clostridia_vadinBB60_group","gut_metagenome"
"c108fc6805018c3c13f563a148dc2f0f","d__Bacteria","Bacteroidota","Bacteroidia","Bacteroidales","Tannerellaceae","Parabacteroides",NA
"9420262ab76429f148a8e332d979a41b","d__Bacteria","Firmicutes","Clostridia","Oscillospirales","Oscillospiraceae","Oscillospira",NA
"167612b6e68fe743e1a5b62ef865f12f","d__Bacteria","Firmicutes","Clostridia","Lachnospirales","Lachnospiraceae","Oribacterium","uncultured_bacterium"
"03db570affd10edc30effd554ae2e0b2","d__Bacteria","Firmicutes","Clostridia","Clostridia_UCG-014","Clostridia_UCG-014","Clostridia_UCG-014",NA
"1ab530e1f984b3ead9312c34e7412526","d__Bacteria","Firmicutes","Clostridia","uncultured","uncultured","uncultured","uncultured_bacterium"
"fe1463f480fed6c4b6dc80d42a8e351e","d__Bacteria","Firmicutes","Clostridia","Christensenellales","Christensenellaceae","Christensenellaceae_R-7_group",NA
"b8131570ad29231979f46df3359899a0","d__Bacteria","Bacteroidota","Bacteroidia","Bacteroidales","Rikenellaceae","Alistipes",NA
"0953b98deafb4f4c45d044efc552f37c","d__Bacteria","Bacteroidota","Bacteroidia","Bacteroidales","Muribaculaceae","Muribaculaceae","uncultured_bacterium"
"1b76046e3f81d3a198ec580fc090c4b0","d__Bacteria","Actinobacteriota","Coriobacteriia","Coriobacteriales","Coriobacteriales_Incertae_Sedis","uncultured","uncultured_organism"
"804f1647295785a88dc28b9b30dc5077","d__Bacteria","Firmicutes","Clostridia","Oscillospirales","[Eubacterium]_coprostanoligenes_group","[Eubacterium]_coprostanoligenes_group",NA
"348abd6c46f68f536f434bf7bbfbb3ee","d__Bacteria","Bacteroidota","Bacteroidia","Bacteroidales","Tannerellaceae","Parabacteroides","Parabacteroides_merdae"
"1511310e458910c9da8531cb7b561b56","d__Bacteria","Firmicutes","Clostridia","Peptostreptococcales-Tissierellales","Peptostreptococcales-Tissierellales","Anaerococcus","Anaerococcus_vaginalis"
"ac21fb7ec96f79af9c552279a961734e","d__Bacteria","Firmicutes","Clostridia","Lachnospirales","Lachnospiraceae",NA,NA
"84b025324c556ea0cf4a12459af3e6a9","d__Bacteria","Proteobacteria","Gammaproteobacteria","Pseudomonadales","Moraxellaceae","Acinetobacter",NA
"522af6a1b2fea6ac42042a9088a42834","d__Bacteria","Firmicutes","Clostridia","Lachnospirales","Lachnospiraceae","Anaerostipes",NA
"d62cbb7b2632218bea8a7eee049ce9f6","d__Bacteria","Bacteroidota","Bacteroidia","Bacteroidales","Prevotellaceae","Prevotella","Prevotella_corporis"
"2dd78e8512b3997ba04d894fdac63da8","d__Bacteria","Firmicutes","Bacilli","Erysipelotrichales","Erysipelatoclostridiaceae",NA,NA
"39acc0bbdfc59d60a58426e367ddd4a2","d__Bacteria","Firmicutes","Clostridia","Christensenellales","Christensenellaceae","uncultured",NA
"73f177839532b93e2871baaed9e3dc20","d__Bacteria","Verrucomicrobiota","Verrucomicrobiae","Opitutales","Puniceicoccaceae","uncultured","metagenome"
"804b3939e1c14eaa58f4b69153f8f58c","d__Bacteria","Firmicutes","Clostridia","Lachnospirales","Lachnospiraceae","[Eubacterium]_xylanophilum_group",NA
"020fa0db00ae13bedc5ae3ed7a8b2419","d__Bacteria","Firmicutes","Clostridia","Oscillospirales","Ruminococcaceae","Negativibacillus",NA
"1d07e20b7d0be742f8c208f351c09bed","d__Bacteria","Firmicutes","Clostridia","Clostridia_vadinBB60_group","Clostridia_vadinBB60_group","Clostridia_vadinBB60_group",NA
"0db7c044ce79a4286c065a49e538a96d","d__Bacteria","Firmicutes","Bacilli","RF39","RF39","RF39","gut_metagenome"
"570d3fbb16764e1eb60cba28c0baf4ff","d__Bacteria","Firmicutes","Clostridia","Oscillospirales","[Eubacterium]_coprostanoligenes_group","[Eubacterium]_coprostanoligenes_group",NA
"7f159cd4b218db561dcce9a206b80639","d__Bacteria","Cyanobacteria","Vampirivibrionia","Gastranaerophilales","Gastranaerophilales","Gastranaerophilales","uncultured_bacterium"
"77c8bbae9e78d6c134f951ce81960b1d","d__Bacteria","Desulfobacterota","Desulfovibrionia","Desulfovibrionales","Desulfovibrionaceae","Bilophila",NA
"319adc2215b802a180f102d1b46c714f","d__Bacteria","Firmicutes","Clostridia","Oscillospirales","UCG-010","UCG-010",NA
"bf2480de28c9a72281fd276b4fd65bdf","d__Bacteria","Actinobacteriota","Coriobacteriia","Coriobacteriales","Coriobacteriales_Incertae_Sedis","uncultured","uncultured_bacterium"
"cf0ff530a1909ab20d4cb06b82172cf2","d__Bacteria","Firmicutes","Clostridia","Oscillospirales","Ruminococcaceae","Negativibacillus","uncultured_bacterium"
"df211db391ed3cec2e0368f72aef85c8","d__Bacteria","Firmicutes","Clostridia","Peptococcales","Peptococcaceae","uncultured","unidentified"
"23a7ab6b857303de787df95876cdba94","d__Bacteria","Firmicutes","Clostridia","Oscillospirales","Ruminococcaceae",NA,NA
"7abb3c3c476e9ccd15679433e25fc2a2","d__Bacteria","Firmicutes","Clostridia",NA,NA,NA,NA
"229983ed317b6c4b4dff3ca3ff2d18ae","d__Bacteria","Bacteroidota","Bacteroidia","Bacteroidales","Muribaculaceae","Muribaculaceae","uncultured_bacterium"
"224b3aa616978bad13ef4761d70bcf5a","d__Bacteria","Bacteroidota","Bacteroidia","Bacteroidales","Prevotellaceae","uncultured","metagenome"
"cf0cf59de95c851185f77fd740856e75","d__Bacteria","Firmicutes","Clostridia","Lachnospirales","Lachnospiraceae","Cellulosilyticum",NA
"2d5db26fb916f96531623e8c1ab646aa","d__Bacteria","Firmicutes","Bacilli","Erysipelotrichales","Erysipelotrichaceae","Holdemania",NA
"419bddf7314901963c9c2d38f8313697","d__Bacteria","Firmicutes","Clostridia","Clostridia_vadinBB60_group","Clostridia_vadinBB60_group","Clostridia_vadinBB60_group","uncultured_bacterium"
"f5a3373c8fd711cfb329d5e6596f47d7","d__Bacteria","Firmicutes","Clostridia","Oscillospirales","UCG-010","UCG-010","metagenome"
"e961da74718013c0500f170fa215bc28","d__Bacteria","Firmicutes","Clostridia","Lachnospirales","Lachnospiraceae","Lachnospiraceae_UCG-010","uncultured_organism"
"3bc2216a7ddb18331d7d8acb08afc54d","d__Bacteria","Bacteroidota","Bacteroidia","Bacteroidales","Rikenellaceae","Alistipes",NA
"393dbda511009d9e60372a600835fb1f","d__Bacteria","Firmicutes","Bacilli","Erysipelotrichales","Erysipelatoclostridiaceae","UCG-004","uncultured_bacterium"
"ebe65a8415fcb9c5380e513026fb125f","d__Bacteria","Firmicutes","Bacilli","RF39","RF39","RF39","uncultured_bacterium"
"2c1f8c6605b4eea3c8eb82c8bfe4a6f4","d__Bacteria","Proteobacteria","Gammaproteobacteria","Enterobacterales","Enterobacteriaceae","Escherichia-Shigella",NA
"d98349f7c26909ab9636f90ac6ab33e5","d__Bacteria","Bacteroidota","Bacteroidia","Bacteroidales","Marinifilaceae","Butyricimonas",NA
"5379baa1c54b34e6a463ee07ca7f4dfa","d__Bacteria","Firmicutes","Negativicutes","Acidaminococcales","Acidaminococcaceae","Acidaminococcus",NA
"87434295f8f42e519aa9d73e2f96c237","d__Bacteria","Firmicutes","Clostridia","Clostridia_UCG-014","Clostridia_UCG-014","Clostridia_UCG-014",NA
"12ea16313245214f20a0afc823b55cd1","d__Bacteria","Firmicutes","Clostridia","Oscillospirales",NA,NA,NA
"d7e68c62d4ee92f40a0302a3d11b2eea","d__Bacteria","Proteobacteria","Alphaproteobacteria","Rhodospirillales","uncultured","uncultured","Azospirillum_sp."
"0f8c6007254bff01cffda29ae7be9268","d__Bacteria","Firmicutes","Clostridia","Peptostreptococcales-Tissierellales","Peptostreptococcales-Tissierellales","Peptoniphilus","Peptoniphilus_duerdenii"
"540903f6cbc988eea32e369f2b99a900","d__Bacteria","Cyanobacteria","Vampirivibrionia","Gastranaerophilales","Gastranaerophilales","Gastranaerophilales",NA
"8022c85d14741464ad339f0713fa6dc6","d__Bacteria","Bacteroidota","Bacteroidia","Bacteroidales","Prevotellaceae","Prevotella",NA
"fe5c269ebe63bafb4bbabe31722377ad","d__Bacteria","Bacteroidota","Bacteroidia","Bacteroidales","uncultured","uncultured","uncultured_bacterium"
"c6312d21e00e9aa6eea776a8fb2618da","d__Bacteria","Firmicutes","Bacilli","Erysipelotrichales","Erysipelotrichaceae","Faecalitalea","gut_metagenome"
"f648748515663060a64e8ab63b647c37","d__Bacteria","Firmicutes","Bacilli","Erysipelotrichales","Erysipelatoclostridiaceae","Erysipelatoclostridium","[Clostridium]_spiroforme"
"e09f00656413eff480d8babe989a4f18","d__Bacteria","Cyanobacteria","Vampirivibrionia","Gastranaerophilales","Gastranaerophilales","Gastranaerophilales","Acinetobacter_sp."
"928981167e1623a9834941fb1e48b684","d__Bacteria","Proteobacteria","Alphaproteobacteria","Rickettsiales","Anaplasmataceae","Wolbachia",NA
"98201855c8f0ec51bb349d9b2c6a32b8","d__Bacteria","Firmicutes","Clostridia","Peptostreptococcales-Tissierellales","Peptostreptococcaceae","Romboutsia",NA
"abf0973a9c329a494febaf3771476c0b","d__Bacteria","Firmicutes","Clostridia","Clostridia","Hungateiclostridiaceae",NA,NA
"f2627a2c3aea754d73aabac0d2beb4d1","d__Bacteria","Firmicutes","Clostridia","Oscillospirales","Oscillospiraceae","NK4A214_group",NA
"f68c45e9480dabe25512880485cbc02c","d__Bacteria","Actinobacteriota","Coriobacteriia","Coriobacteriales","Coriobacteriales_Incertae_Sedis","uncultured","gut_metagenome"
"ccc61411494d6b62ae3a48c0029df694","d__Bacteria","Firmicutes","Clostridia","Oscillospirales","UCG-010","UCG-010",NA
"58c62474003b28261ec78db6f4667bcf","d__Bacteria","Actinobacteriota","Coriobacteriia","Coriobacteriales","Eggerthellaceae",NA,NA
"24d80c643628652b741ea3d016e41d94","d__Bacteria","Firmicutes","Clostridia","Lachnospirales","Lachnospiraceae",NA,NA
"af8723e8077acfe6a7abfbbe9f9ebbdd","d__Bacteria","Firmicutes","Clostridia","Christensenellales","Christensenellaceae","Christensenellaceae_R-7_group","human_gut"
"806aeaf6f93e8f7fd99c40dd2553b12a","d__Bacteria","Firmicutes","Clostridia","Christensenellales","Christensenellaceae","Christensenellaceae_R-7_group",NA
"42ba1a174207fba24df8213405dd3406","d__Bacteria","Actinobacteriota","Coriobacteriia","Coriobacteriales","Coriobacteriaceae","Collinsella",NA
"cc7505281d68c5343ce8687399c204d4","d__Bacteria","Firmicutes","Clostridia","Oscillospirales","Oscillospiraceae","UCG-003","metagenome"
"07d0062e63a21a31a692129f8fe16ac6","d__Bacteria","Firmicutes","Bacilli","Erysipelotrichales","Erysipelotrichaceae","Turicibacter",NA
"7f87c4c1f06f00034873a8a1b97a8896","d__Bacteria","Bacteroidota","Bacteroidia","Bacteroidales","Barnesiellaceae","Coprobacter","Coprobacter_secundus"
"97d4a8df873312f8b6964af0f89b6040","d__Bacteria","Bacteroidota","Bacteroidia","Bacteroidales","Prevotellaceae","Prevotella","Prevotella_timonensis"
"634aaa239089156ae20d938019fbb335","d__Bacteria","Bacteroidota","Bacteroidia","Bacteroidales","Prevotellaceae","Prevotella","Prevotella_bivia"
